Workbook

Sheet New_Applicants
A1: Applicant_ID | B1: Age | C1: Monthly_Income | D1: Credit_Score | E1: Loan_Amount | F1: Existing_EMI
A2: 1001 | B2: 54 | C2: 48489 | D2: 592 | E2: 653320 | F2: 14016
A3: 1002 | B3: 39 | C3: 115311 | D3: 680 | E3: 1099863 | F3: 25236
A4: 1003 | B4: 58 | C4: 96852 | D4: 776 | E4: 463562 | F4: 15892
A5: 1004 | B5: 59 | C5: 68836 | D5: 609 | E5: 103985 | F5: 7810
A6: 1005 | B6: 43 | C6: 113138 | D6: 516 | E6: 795983 | F6: 6870
A7: 1006 | B7: 47 | C7: 60462 | D7: 517 | E7: 368968 | F7: 9674
A8: 1007 | B8: 30 | C8: 29665 | D8: 798 | E8: 1095469 | F8: 17923
A9: 1008 | B9: 52 | C9: 18763 | D9: 539 | E9: 2170634 | F9: 7274
A10: 1009 | B10: 47 | C10: 113492 | D10: 722 | E10: 490166 | F10: 27425
A11: 1010 | B11: 56 | C11: 115776 | D11: 634 | E11: 102959 | F11: 14395
A12: 1011 | B12: 31 | C12: 92621 | D12: 772 | E12: 366625 | F12: 25898
A13: 1012 | B13: 51 | C13: 25815 | D13: 521 | E13: 1319601 | F13: 20497
... A21: 1020 | B21: 46 | C21: 62787 | D21: 637 | E21: 1973394 | F21: 1457

Sheet History
A1: Applicant_ID | B1: Age | C1: Monthly_Income | D1: Credit_Score | E1: Loan_Amount | F1: Existing_EMI | G1: Approved
A2: 1 | B2: 24 | C2: 53457 | D2: 849 | E2: 1579081 | F2: 362 | G2: Yes
A3: 2 | B3: 51 | C3: 110400 | D3: 772 | E3: 1969591 | F3: 9057 | G3: Yes
A4: 3 | B4: 46 | C4: 66981 | D4: 612 | E4: 1873703 | F4: 15466 | G4: Yes
A5: 4 | B5: 38 | C5: 88469 | D5: 840 | E5: 422925 | F5: 27553 | G5: Yes
A6: 5 | B6: 37 | C6: 63028 | D6: 674 | E6: 2082531 | F6: 22146 | G6: Yes
A7: 6 | B7: 54 | C7: 42916 | D7: 675 | E7: 1386563 | F7: 23438 | G7: No
A8: 7 | B8: 24 | C8: 95244 | D8: 651 | E8: 875400 | F8: 16347 | G8: Yes
A9: 8 | B9: 48 | C9: 116763 | D9: 550 | E9: 1334134 | F9: 3317 | G9: Yes
A10: 9 | B10: 28 | C10: 42670 | D10: 827 | E10: 2420760 | F10: 11727 | G10: Yes
A11: 10 | B11: 24 | C11: 96768 | D11: 504 | E11: 2158173 | F11: 29911 | G11: No
A12: 11 | B12: 41 | C12: 42419 | D12: 560 | E12: 2100876 | F12: 1325 | G12: No
A13: 12 | B13: 59 | C13: 90273 | D13: 580 | E13: 1210718 | F13: 26376 | G13: Yes
... A201: 200 | B201: 58 | C201: 47583 | D201: 724 | E201: 1161553 | F201: 15382 | G201: Yes

Sheet Results
A1: Applicant_ID | B1: Age | C1: Monthly_Income | D1: Credit_Score | E1: Loan_Amount | F1: Existing_EMI | G1: Traditional_Decision | H1: ML_Decision | I1: Same_Decision
A2: 1001 | B2: =INDEX(New_Applicants!B:B,MATCH($A2,New_Applicants!$A:$A,0)) -> 54 | C2: =INDEX(New_Applicants!C:C,MATCH($A2,New_Applicants!$A:$A,0)) -> 48489 | D2: =INDEX(New_Applicants!D:D,MATCH($A2,New_Applicants!$A:$A,0)) -> 592 | E2: =INDEX(New_Applicants!E:E,MATCH($A2,New_Applicants!$A:$A,0)) -> 653320 | F2: =INDEX(New_Applicants!F:F,MATCH($A2,New_Applicants!$A:$A,0)) -> 14016 | G2: =IF(AND(D2>=650,(C2-F2)>=30000,E2<=4*12*C2),"Yes","No") -> No | H2: =IF(C2<=54566.5,IF(D2<=673,IF(C2<=46335.5,"No",IF(C2<=48159.5,"Yes","No")),IF(C2<=27685,IF(D2<=815,"No","Yes"),IF(B2<=53,"Yes","No"))),IF(D2<=579.5,IF(C2<=99726.5,IF(B2<=24.5,"Yes","No"),"Yes"),IF(E2<=2340998,"Yes",IF(E2<=2361982,"No","Yes")))) -> No | I2: =G2=H2 -> TRUE
A3: 1002 | B3: =INDEX(New_Applicants!B:B,MATCH($A3,New_Applicants!$A:$A,0)) -> 39 | C3: =INDEX(New_Applicants!C:C,MATCH($A3,New_Applicants!$A:$A,0)) -> 115311 | D3: =INDEX(New_Applicants!D:D,MATCH($A3,New_Applicants!$A:$A,0)) -> 680 | E3: =INDEX(New_Applicants!E:E,MATCH($A3,New_Applicants!$A:$A,0)) -> 1099863 | F3: =INDEX(New_Applicants!F:F,MATCH($A3,New_Applicants!$A:$A,0)) -> 25236 | G3: =IF(AND(D3>=650,(C3-F3)>=30000,E3<=4*12*C3),"Yes","No") -> Yes | H3: =IF(C3<=54566.5,IF(D3<=673,IF(C3<=46335.5,"No",IF(C3<=48159.5,"Yes","No")),IF(C3<=27685,IF(D3<=815,"No","Yes"),IF(B3<=53,"Yes","No"))),IF(D3<=579.5,IF(C3<=99726.5,IF(B3<=24.5,"Yes","No"),"Yes"),IF(E3<=2340998,"Yes",IF(E3<=2361982,"No","Yes")))) -> Yes | I3: =G3=H3 -> TRUE
A4: 1003 | B4: =INDEX(New_Applicants!B:B,MATCH($A4,New_Applicants!$A:$A,0)) -> 58 | C4: =INDEX(New_Applicants!C:C,MATCH($A4,New_Applicants!$A:$A,0)) -> 96852 | D4: =INDEX(New_Applicants!D:D,MATCH($A4,New_Applicants!$A:$A,0)) -> 776 | E4: =INDEX(New_Applicants!E:E,MATCH($A4,New_Applicants!$A:$A,0)) -> 463562 | F4: =INDEX(New_Applicants!F:F,MATCH($A4,New_Applicants!$A:$A,0)) -> 15892 | G4: =IF(AND(D4>=650,(C4-F4)>=30000,E4<=4*12*C4),"Yes","No") -> Yes | H4: =IF(C4<=54566.5,IF(D4<=673,IF(C4<=46335.5,"No",IF(C4<=48159.5,"Yes","No")),IF(C4<=27685,IF(D4<=815,"No","Yes"),IF(B4<=53,"Yes","No"))),IF(D4<=579.5,IF(C4<=99726.5,IF(B4<=24.5,"Yes","No"),"Yes"),IF(E4<=2340998,"Yes",IF(E4<=2361982,"No","Yes")))) -> Yes | I4: =G4=H4 -> TRUE
A5: 1004 | B5: =INDEX(New_Applicants!B:B,MATCH($A5,New_Applicants!$A:$A,0)) -> 59 | C5: =INDEX(New_Applicants!C:C,MATCH($A5,New_Applicants!$A:$A,0)) -> 68836 | D5: =INDEX(New_Applicants!D:D,MATCH($A5,New_Applicants!$A:$A,0)) -> 609 | E5: =INDEX(New_Applicants!E:E,MATCH($A5,New_Applicants!$A:$A,0)) -> 103985 | F5: =INDEX(New_Applicants!F:F,MATCH($A5,New_Applicants!$A:$A,0)) -> 7810 | G5: =IF(AND(D5>=650,(C5-F5)>=30000,E5<=4*12*C5),"Yes","No") -> No | H5: =IF(C5<=54566.5,IF(D5<=673,IF(C5<=46335.5,"No",IF(C5<=48159.5,"Yes","No")),IF(C5<=27685,IF(D5<=815,"No","Yes"),IF(B5<=53,"Yes","No"))),IF(D5<=579.5,IF(C5<=99726.5,IF(B5<=24.5,"Yes","No"),"Yes"),IF(E5<=2340998,"Yes",IF(E5<=2361982,"No","Yes")))) -> Yes | I5: =G5=H5 -> FALSE
A6: 1005 | B6: =INDEX(New_Applicants!B:B,MATCH($A6,New_Applicants!$A:$A,0)) -> 43 | C6: =INDEX(New_Applicants!C:C,MATCH($A6,New_Applicants!$A:$A,0)) -> 113138 | D6: =INDEX(New_Applicants!D:D,MATCH($A6,New_Applicants!$A:$A,0)) -> 516 | E6: =INDEX(New_Applicants!E:E,MATCH($A6,New_Applicants!$A:$A,0)) -> 795983 | F6: =INDEX(New_Applicants!F:F,MATCH($A6,New_Applicants!$A:$A,0)) -> 6870 | G6: =IF(AND(D6>=650,(C6-F6)>=30000,E6<=4*12*C6),"Yes","No") -> No | H6: =IF(C6<=54566.5,IF(D6<=673,IF(C6<=46335.5,"No",IF(C6<=48159.5,"Yes","No")),IF(C6<=27685,IF(D6<=815,"No","Yes"),IF(B6<=53,"Yes","No"))),IF(D6<=579.5,IF(C6<=99726.5,IF(B6<=24.5,"Yes","No"),"Yes"),IF(E6<=2340998,"Yes",IF(E6<=2361982,"No","Yes")))) -> Yes | I6: =G6=H6 -> FALSE
A7: 1006 | B7: =INDEX(New_Applicants!B:B,MATCH($A7,New_Applicants!$A:$A,0)) -> 47 | C7: =INDEX(New_Applicants!C:C,MATCH($A7,New_Applicants!$A:$A,0)) -> 60462 | D7: =INDEX(New_Applicants!D:D,MATCH($A7,New_Applicants!$A:$A,0)) -> 517 | E7: =INDEX(New_Applicants!E:E,MATCH($A7,New_Applicants!$A:$A,0)) -> 368968 | F7: =INDEX(New_Applicants!F:F,MATCH($A7,New_Applicants!$A:$A,0)) -> 9674 | G7: =IF(AND(D7>=650,(C7-F7)>=30000,E7<=4*12*C7),"Yes","No") -> No | H7: =IF(C7<=54566.5,IF(D7<=673,IF(C7<=46335.5,"No",IF(C7<=48159.5,"Yes","No")),IF(C7<=27685,IF(D7<=815,"No","Yes"),IF(B7<=53,"Yes","No"))),IF(D7<=579.5,IF(C7<=99726.5,IF(B7<=24.5,"Yes","No"),"Yes"),IF(E7<=2340998,"Yes",IF(E7<=2361982,"No","Yes")))) -> No | I7: =G7=H7 -> TRUE
A8: 1007 | B8: =INDEX(New_Applicants!B:B,MATCH($A8,New_Applicants!$A:$A,0)) -> 30 | C8: =INDEX(New_Applicants!C:C,MATCH($A8,New_Applicants!$A:$A,0)) -> 29665 | D8: =INDEX(New_Applicants!D:D,MATCH($A8,New_Applicants!$A:$A,0)) -> 798 | E8: =INDEX(New_Applicants!E:E,MATCH($A8,New_Applicants!$A:$A,0)) -> 1095469 | F8: =INDEX(New_Applicants!F:F,MATCH($A8,New_Applicants!$A:$A,0)) -> 17923 | G8: =IF(AND(D8>=650,(C8-F8)>=30000,E8<=4*12*C8),"Yes","No") -> No | H8: =IF(C8<=54566.5,IF(D8<=673,IF(C8<=46335.5,"No",IF(C8<=48159.5,"Yes","No")),IF(C8<=27685,IF(D8<=815,"No","Yes"),IF(B8<=53,"Yes","No"))),IF(D8<=579.5,IF(C8<=99726.5,IF(B8<=24.5,"Yes","No"),"Yes"),IF(E8<=2340998,"Yes",IF(E8<=2361982,"No","Yes")))) -> Yes | I8: =G8=H8 -> FALSE
A9: 1008 | B9: =INDEX(New_Applicants!B:B,MATCH($A9,New_Applicants!$A:$A,0)) -> 52 | C9: =INDEX(New_Applicants!C:C,MATCH($A9,New_Applicants!$A:$A,0)) -> 18763 | D9: =INDEX(New_Applicants!D:D,MATCH($A9,New_Applicants!$A:$A,0)) -> 539 | E9: =INDEX(New_Applicants!E:E,MATCH($A9,New_Applicants!$A:$A,0)) -> 2170634 | F9: =INDEX(New_Applicants!F:F,MATCH($A9,New_Applicants!$A:$A,0)) -> 7274 | G9: =IF(AND(D9>=650,(C9-F9)>=30000,E9<=4*12*C9),"Yes","No") -> No | H9: =IF(C9<=54566.5,IF(D9<=673,IF(C9<=46335.5,"No",IF(C9<=48159.5,"Yes","No")),IF(C9<=27685,IF(D9<=815,"No","Yes"),IF(B9<=53,"Yes","No"))),IF(D9<=579.5,IF(C9<=99726.5,IF(B9<=24.5,"Yes","No"),"Yes"),IF(E9<=2340998,"Yes",IF(E9<=2361982,"No","Yes")))) -> No | I9: =G9=H9 -> TRUE
A10: 1009 | B10: =INDEX(New_Applicants!B:B,MATCH($A10,New_Applicants!$A:$A,0)) -> 47 | C10: =INDEX(New_Applicants!C:C,MATCH($A10,New_Applicants!$A:$A,0)) -> 113492 | D10: =INDEX(New_Applicants!D:D,MATCH($A10,New_Applicants!$A:$A,0)) -> 722 | E10: =INDEX(New_Applicants!E:E,MATCH($A10,New_Applicants!$A:$A,0)) -> 490166 | F10: =INDEX(New_Applicants!F:F,MATCH($A10,New_Applicants!$A:$A,0)) -> 27425 | G10: =IF(AND(D10>=650,(C10-F10)>=30000,E10<=4*12*C10),"Yes","No") -> Yes | H10: =IF(C10<=54566.5,IF(D10<=673,IF(C10<=46335.5,"No",IF(C10<=48159.5,"Yes","No")),IF(C10<=27685,IF(D10<=815,"No","Yes"),IF(B10<=53,"Yes","No"))),IF(D10<=579.5,IF(C10<=99726.5,IF(B10<=24.5,"Yes","No"),"Yes"),IF(E10<=2340998,"Yes",IF(E10<=2361982,"No","Yes")))) -> Yes | I10: =G10=H10 -> TRUE
A11: 1010 | B11: =INDEX(New_Applicants!B:B,MATCH($A11,New_Applicants!$A:$A,0)) -> 56 | C11: =INDEX(New_Applicants!C:C,MATCH($A11,New_Applicants!$A:$A,0)) -> 115776 | D11: =INDEX(New_Applicants!D:D,MATCH($A11,New_Applicants!$A:$A,0)) -> 634 | E11: =INDEX(New_Applicants!E:E,MATCH($A11,New_Applicants!$A:$A,0)) -> 102959 | F11: =INDEX(New_Applicants!F:F,MATCH($A11,New_Applicants!$A:$A,0)) -> 14395 | G11: =IF(AND(D11>=650,(C11-F11)>=30000,E11<=4*12*C11),"Yes","No") -> No | H11: =IF(C11<=54566.5,IF(D11<=673,IF(C11<=46335.5,"No",IF(C11<=48159.5,"Yes","No")),IF(C11<=27685,IF(D11<=815,"No","Yes"),IF(B11<=53,"Yes","No"))),IF(D11<=579.5,IF(C11<=99726.5,IF(B11<=24.5,"Yes","No"),"Yes"),IF(E11<=2340998,"Yes",IF(E11<=2361982,"No","Yes")))) -> Yes | I11: =G11=H11 -> FALSE
A12: 1011 | B12: =INDEX(New_Applicants!B:B,MATCH($A12,New_Applicants!$A:$A,0)) -> 31 | C12: =INDEX(New_Applicants!C:C,MATCH($A12,New_Applicants!$A:$A,0)) -> 92621 | D12: =INDEX(New_Applicants!D:D,MATCH($A12,New_Applicants!$A:$A,0)) -> 772 | E12: =INDEX(New_Applicants!E:E,MATCH($A12,New_Applicants!$A:$A,0)) -> 366625 | F12: =INDEX(New_Applicants!F:F,MATCH($A12,New_Applicants!$A:$A,0)) -> 25898 | G12: =IF(AND(D12>=650,(C12-F12)>=30000,E12<=4*12*C12),"Yes","No") -> Yes | H12: =IF(C12<=54566.5,IF(D12<=673,IF(C12<=46335.5,"No",IF(C12<=48159.5,"Yes","No")),IF(C12<=27685,IF(D12<=815,"No","Yes"),IF(B12<=53,"Yes","No"))),IF(D12<=579.5,IF(C12<=99726.5,IF(B12<=24.5,"Yes","No"),"Yes"),IF(E12<=2340998,"Yes",IF(E12<=2361982,"No","Yes")))) -> Yes | I12: =G12=H12 -> TRUE
A13: 1012 | B13: =INDEX(New_Applicants!B:B,MATCH($A13,New_Applicants!$A:$A,0)) -> 51 | C13: =INDEX(New_Applicants!C:C,MATCH($A13,New_Applicants!$A:$A,0)) -> 25815 | D13: =INDEX(New_Applicants!D:D,MATCH($A13,New_Applicants!$A:$A,0)) -> 521 | E13: =INDEX(New_Applicants!E:E,MATCH($A13,New_Applicants!$A:$A,0)) -> 1319601 | F13: =INDEX(New_Applicants!F:F,MATCH($A13,New_Applicants!$A:$A,0)) -> 20497 | G13: =IF(AND(D13>=650,(C13-F13)>=30000,E13<=4*12*C13),"Yes","No") -> No | H13: =IF(C13<=54566.5,IF(D13<=673,IF(C13<=46335.5,"No",IF(C13<=48159.5,"Yes","No")),IF(C13<=27685,IF(D13<=815,"No","Yes"),IF(B13<=53,"Yes","No"))),IF(D13<=579.5,IF(C13<=99726.5,IF(B13<=24.5,"Yes","No"),"Yes"),IF(E13<=2340998,"Yes",IF(E13<=2361982,"No","Yes")))) -> No | I13: =G13=H13 -> TRUE
... A21: 1020 | B21: =INDEX(New_Applicants!B:B,MATCH($A21,New_Applicants!$A:$A,0)) -> 46 | C21: =INDEX(New_Applicants!C:C,MATCH($A21,New_Applicants!$A:$A,0)) -> 62787 | D21: =INDEX(New_Applicants!D:D,MATCH($A21,New_Applicants!$A:$A,0)) -> 637 | E21: =INDEX(New_Applicants!E:E,MATCH($A21,New_Applicants!$A:$A,0)) -> 1973394 | F21: =INDEX(New_Applicants!F:F,MATCH($A21,New_Applicants!$A:$A,0)) -> 1457 | G21: =IF(AND(D21>=650,(C21-F21)>=30000,E21<=4*12*C21),"Yes","No") -> No | H21: =IF(C21<=54566.5,IF(D21<=673,IF(C21<=46335.5,"No",IF(C21<=48159.5,"Yes","No")),IF(C21<=27685,IF(D21<=815,"No","Yes"),IF(B21<=53,"Yes","No"))),IF(D21<=579.5,IF(C21<=99726.5,IF(B21<=24.5,"Yes","No"),"Yes"),IF(E21<=2340998,"Yes",IF(E21<=2361982,"No","Yes")))) -> Yes | I21: =G21=H21 -> FALSE

Sheet _sync_state
A1: Table | B1: Applicant_ID | C1: Age | D1: Monthly_Income | E1: Credit_Score | F1: Loan_Amount | G1: Existing_EMI | H1: Approved
A2: New | B2: 1001 | C2: 54 | D2: 48489 | E2: 592 | F2: 653320 | G2: 14016
A3: New | B3: 1002 | C3: 39 | D3: 115311 | E3: 680 | F3: 1099863 | G3: 25236
A4: New | B4: 1003 | C4: 58 | D4: 96852 | E4: 776 | F4: 463562 | G4: 15892
A5: New | B5: 1004 | C5: 59 | D5: 68836 | E5: 609 | F5: 103985 | G5: 7810
A6: New | B6: 1005 | C6: 43 | D6: 113138 | E6: 516 | F6: 795983 | G6: 6870
A7: New | B7: 1006 | C7: 47 | D7: 60462 | E7: 517 | F7: 368968 | G7: 9674
A8: New | B8: 1007 | C8: 30 | D8: 29665 | E8: 798 | F8: 1095469 | G8: 17923
A9: New | B9: 1008 | C9: 52 | D9: 18763 | E9: 539 | F9: 2170634 | G9: 7274
A10: New | B10: 1009 | C10: 47 | D10: 113492 | E10: 722 | F10: 490166 | G10: 27425
A11: New | B11: 1010 | C11: 56 | D11: 115776 | E11: 634 | F11: 102959 | G11: 14395
A12: New | B12: 1011 | C12: 31 | D12: 92621 | E12: 772 | F12: 366625 | G12: 25898
A13: New | B13: 1012 | C13: 51 | D13: 25815 | E13: 521 | F13: 1319601 | G13: 20497
... A21: New | B21: 1020 | C21: 46 | D21: 62787 | E21: 637 | F21: 1973394 | G21: 1457
A22: History | B22: 1 | C22: 24 | D22: 53457 | E22: 849 | F22: 1579081 | G22: 362 | H22: Yes
A23: History | B23: 2 | C23: 51 | D23: 110400 | E23: 772 | F23: 1969591 | G23: 9057 | H23: Yes
A24: History | B24: 3 | C24: 46 | D24: 66981 | E24: 612 | F24: 1873703 | G24: 15466 | H24: Yes
A25: History | B25: 4 | C25: 38 | D25: 88469 | E25: 840 | F25: 422925 | G25: 27553 | H25: Yes
A26: History | B26: 5 | C26: 37 | D26: 63028 | E26: 674 | F26: 2082531 | G26: 22146 | H26: Yes
A27: History | B27: 6 | C27: 54 | D27: 42916 | E27: 675 | F27: 1386563 | G27: 23438 | H27: No
A28: History | B28: 7 | C28: 24 | D28: 95244 | E28: 651 | F28: 875400 | G28: 16347 | H28: Yes
A29: History | B29: 8 | C29: 48 | D29: 116763 | E29: 550 | F29: 1334134 | G29: 3317 | H29: Yes
A30: History | B30: 9 | C30: 28 | D30: 42670 | E30: 827 | F30: 2420760 | G30: 11727 | H30: Yes
A31: History | B31: 10 | C31: 24 | D31: 96768 | E31: 504 | F31: 2158173 | G31: 29911 | H31: No
A32: History | B32: 11 | C32: 41 | D32: 42419 | E32: 560 | F32: 2100876 | G32: 1325 | H32: No
A33: History | B33: 12 | C33: 59 | D33: 90273 | E33: 580 | F33: 1210718 | G33: 26376 | H33: Yes
... A221: History | B221: 200 | C221: 58 | D221: 47583 | E221: 724 | F221: 1161553 | G221: 15382 | H221: Yes
